Date,Service description,Service ID,Cost ($),Savings programs ($),Other savings ($),Unrounded subtotal ($),Subtotal ($)
2025-12-31,Cloud Run,152E-C115-5142,1.64,0.00,0.00,1.641607,1.64
2025-12-31,Secret Manager,EE82-7A5E-871C,0.94,0.00,0.00,0.938666,0.94
2025-12-31,Gemini API,AEFD-7695-64FA,0.04,0.00,0.00,0.044560,0.04
2025-12-31,Artifact Registry,149C-F9EC-3994,0.03,0.00,0.00,0.032321,0.03
2025-12-31,Cloud Storage,95FF-2EF5-5EA1,0.00,0.00,0.00,0.000058,0.00
2025-12-30,Cloud Run,152E-C115-5142,1.64,0.00,0.00,1.642257,1.64
2025-12-30,Secret Manager,EE82-7A5E-871C,0.94,0.00,0.00,0.938667,0.94
2025-12-30,Artifact Registry,149C-F9EC-3994,0.03,0.00,0.00,0.032323,0.03
2025-12-30,Gemini API,AEFD-7695-64FA,0.01,0.00,0.00,0.014186,0.01
2025-12-30,Cloud Storage,95FF-2EF5-5EA1,0.00,0.00,0.00,0.000058,0.00
2025-12-29,Cloud Run,152E-C115-5142,1.64,0.00,0.00,1.641607,1.64
2025-12-29,Secret Manager,EE82-7A5E-871C,0.94,0.00,0.00,0.938667,0.94
2025-12-29,Artifact Registry,149C-F9EC-3994,0.03,0.00,0.00,0.032332,0.03
2025-12-29,Cloud Storage,95FF-2EF5-5EA1,0.00,0.00,0.00,0.000058,0.00
2025-12-28,Cloud Run,152E-C115-5142,1.64,0.00,0.00,1.642304,1.64
2025-12-28,Secret Manager,EE82-7A5E-871C,0.94,0.00,0.00,0.938670,0.94
2025-12-28,Gemini API,AEFD-7695-64FA,0.04,0.00,0.00,0.038752,0.04
2025-12-28,Artifact Registry,149C-F9EC-3994,0.03,0.00,0.00,0.032336,0.03
2025-12-28,Cloud Storage,95FF-2EF5-5EA1,0.00,0.00,0.00,0.000058,0.00
2025-12-27,Cloud Run,152E-C115-5142,1.64,0.00,0.00,1.643817,1.64
2025-12-27,Secret Manager,EE82-7A5E-871C,0.94,0.00,0.00,0.938674,0.94
2025-12-27,Gemini API,AEFD-7695-64FA,0.09,0.00,0.00,0.088377,0.09
2025-12-27,Artifact Registry,149C-F9EC-3994,0.03,0.00,0.00,0.031495,0.03
2025-12-27,Cloud Storage,95FF-2EF5-5EA1,0.00,0.00,0.00,0.000255,0.00
2025-12-27,Cloud Build,8B5D-EF7D-EB12,0.00,0.00,0.00,0.000120,0.00
2025-12-26,Cloud Run,152E-C115-5142,1.64,0.00,0.00,1.641609,1.64
2025-12-26,Secret Manager,EE82-7A5E-871C,0.94,0.00,0.00,0.938667,0.94
2025-12-26,Artifact Registry,149C-F9EC-3994,0.03,0.00,0.00,0.029988,0.03
2025-12-26,Cloud Storage,95FF-2EF5-5EA1,0.00,0.00,0.00,0.000055,0.00
2025-12-25,Cloud Run,152E-C115-5142,1.64,0.00,0.00,1.641607,1.64
2025-12-25,Secret Manager,EE82-7A5E-871C,0.94,0.00,0.00,0.938667,0.94
2025-12-25,Artifact Registry,149C-F9EC-3994,0.03,0.00,0.00,0.029988,0.03
2025-12-25,Cloud Storage,95FF-2EF5-5EA1,0.00,0.00,0.00,0.000055,0.00
2025-12-24,Cloud Run,152E-C115-5142,1.64,0.00,0.00,1.642235,1.64
2025-12-24,Secret Manager,EE82-7A5E-871C,0.94,0.00,0.00,0.935547,0.94
2025-12-24,Gemini API,AEFD-7695-64FA,0.05,0.00,0.00,0.050614,0.05
2025-12-24,Artifact Registry,149C-F9EC-3994,0.03,0.00,0.00,0.029823,0.03
2025-12-24,Cloud Storage,95FF-2EF5-5EA1,0.00,0.00,0.00,0.000104,0.00
2025-12-24,Cloud Build,8B5D-EF7D-EB12,0.00,0.00,0.00,0.000028,0.00
2025-12-23,Cloud Run,152E-C115-5142,1.64,0.00,0.00,1.641605,1.64
2025-12-23,Secret Manager,EE82-7A5E-871C,0.93,0.00,0.00,0.927053,0.93
2025-12-23,Artifact Registry,149C-F9EC-3994,0.03,0.00,0.00,0.029391,0.03
2025-12-23,Cloud Storage,95FF-2EF5-5EA1,0.00,0.00,0.00,0.000054,0.00
2025-12-22,Cloud Run,152E-C115-5142,1.65,0.00,0.00,1.646085,1.65
2025-12-22,Secret Manager,EE82-7A5E-871C,0.92,0.00,0.00,0.916856,0.92
2025-12-22,Gemini API,AEFD-7695-64FA,0.31,0.00,0.00,0.310953,0.31
2025-12-22,Artifact Registry,149C-F9EC-3994,0.03,0.00,0.00,0.027282,0.03
2025-12-22,Cloud Storage,95FF-2EF5-5EA1,0.00,0.00,0.00,0.000496,0.00
2025-12-22,Cloud Build,8B5D-EF7D-EB12,0.00,0.00,0.00,0.000264,0.00
2025-12-21,Cloud Run,152E-C115-5142,3.01,0.00,0.00,3.006278,3.01
2025-12-21,Secret Manager,EE82-7A5E-871C,0.90,0.00,0.00,0.898485,0.90
2025-12-21,Gemini API,AEFD-7695-64FA,0.15,0.00,0.00,0.146648,0.15
2025-12-21,Artifact Registry,149C-F9EC-3994,0.02,0.00,0.00,0.021293,0.02
2025-12-21,Cloud Storage,95FF-2EF5-5EA1,0.00,0.00,0.00,0.000531,0.00
2025-12-21,Cloud Build,8B5D-EF7D-EB12,0.00,0.00,0.00,0.000282,0.00
2025-12-20,Cloud Run,152E-C115-5142,3.33,0.00,0.00,3.329396,3.33
2025-12-20,Secret Manager,EE82-7A5E-871C,0.90,0.00,0.00,0.895552,0.90
2025-12-20,Gemini API,AEFD-7695-64FA,0.15,0.00,0.00,0.148234,0.15
2025-12-20,Artifact Registry,149C-F9EC-3994,0.02,0.00,0.00,0.017849,0.02
2025-12-20,Cloud Storage,95FF-2EF5-5EA1,0.00,0.00,0.00,0.000369,0.00
2025-12-20,Cloud Build,8B5D-EF7D-EB12,0.00,0.00,0.00,0.000175,0.00
2025-12-19,Cloud Run,152E-C115-5142,3.29,0.00,0.00,3.285883,3.29
2025-12-19,Secret Manager,EE82-7A5E-871C,0.85,0.00,0.00,0.845471,0.85
2025-12-19,Gemini API,AEFD-7695-64FA,0.09,0.00,0.00,0.091580,0.09
2025-12-19,Artifact Registry,149C-F9EC-3994,0.02,0.00,0.00,0.015870,0.02
2025-12-19,Cloud Storage,95FF-2EF5-5EA1,0.00,0.00,0.00,0.000166,0.00
2025-12-19,Cloud Build,8B5D-EF7D-EB12,0.00,0.00,0.00,0.000065,0.00
2025-12-18,Cloud Run,152E-C115-5142,3.29,0.00,0.00,3.287939,3.29
2025-12-18,Secret Manager,EE82-7A5E-871C,0.71,0.00,0.00,0.711229,0.71
2025-12-18,Gemini API,AEFD-7695-64FA,0.19,0.00,0.00,0.190493,0.19
2025-12-18,Artifact Registry,149C-F9EC-3994,0.00,0.00,0.00,0.002844,0.00
2025-12-18,Cloud Storage,95FF-2EF5-5EA1,0.00,0.00,0.00,0.000253,0.00
2025-12-18,Cloud Build,8B5D-EF7D-EB12,0.00,0.00,0.00,0.000108,0.00
2025-12-17,Cloud Run,152E-C115-5142,2.63,0.00,-0.91,1.721666,1.72
2025-12-17,Secret Manager,EE82-7A5E-871C,0.56,0.00,0.00,0.564524,0.56
2025-12-17,Gemini API,AEFD-7695-64FA,0.19,0.00,0.00,0.188173,0.19
2025-12-17,Cloud Storage,95FF-2EF5-5EA1,0.00,0.00,0.00,0.000375,0.00
2025-12-17,Cloud Build,8B5D-EF7D-EB12,0.00,0.00,0.00,0.000166,0.00
2025-12-16,Gemini API,AEFD-7695-64FA,0.30,0.00,0.00,0.302287,0.30
2025-12-16,Cloud Run,152E-C115-5142,0.21,0.00,-0.20,0.005567,0.01
2025-12-16,Cloud Storage,95FF-2EF5-5EA1,0.00,0.00,0.00,0.001080,0.00
2025-12-16,Cloud Build,8B5D-EF7D-EB12,0.00,0.00,0.00,0.000482,0.00
2025-12-15,Gemini API,AEFD-7695-64FA,0.34,0.00,0.00,0.340667,0.34
2025-12-15,Cloud Run,152E-C115-5142,0.27,0.00,-0.18,0.089644,0.09
2025-12-15,Cloud Storage,95FF-2EF5-5EA1,0.00,0.00,0.00,0.000292,0.00
2025-12-15,Cloud Build,8B5D-EF7D-EB12,0.00,0.00,0.00,0.000144,0.00
2025-12-14,Cloud Run,152E-C115-5142,0.32,0.00,-0.22,0.107997,0.11
2025-12-14,Cloud Storage,95FF-2EF5-5EA1,0.00,0.00,0.00,0.000002,0.00
2025-12-13,Cloud Run,152E-C115-5142,0.32,0.00,-0.22,0.107992,0.11
2025-12-13,Cloud Storage,95FF-2EF5-5EA1,0.00,0.00,0.00,0.000002,0.00
2025-12-12,Cloud Run,152E-C115-5142,0.32,0.00,-0.22,0.107998,0.11
2025-12-12,Cloud Storage,95FF-2EF5-5EA1,0.00,0.00,0.00,0.000002,0.00
2025-12-11,Cloud Run,152E-C115-5142,0.32,0.00,-0.22,0.107996,0.11
2025-12-11,Cloud Storage,95FF-2EF5-5EA1,0.00,0.00,0.00,0.000002,0.00
2025-12-10,Cloud Run,152E-C115-5142,0.32,0.00,-0.22,0.107998,0.11
2025-12-10,Cloud Storage,95FF-2EF5-5EA1,0.00,0.00,0.00,0.000002,0.00
2025-12-09,Cloud Run,152E-C115-5142,0.32,0.00,-0.25,0.071984,0.07
2025-12-09,Cloud Storage,95FF-2EF5-5EA1,0.00,0.00,0.00,0.000002,0.00
2025-12-08,Cloud Storage,95FF-2EF5-5EA1,0.00,0.00,0.00,0.000002,0.00
2025-12-08,Cloud Run,152E-C115-5142,0.32,0.00,-0.32,0.000000,0.00
2025-12-07,Cloud Storage,95FF-2EF5-5EA1,0.00,0.00,0.00,0.000002,0.00
2025-12-07,Cloud Run,152E-C115-5142,0.32,0.00,-0.32,0.000000,0.00
2025-12-06,Cloud Storage,95FF-2EF5-5EA1,0.00,0.00,0.00,0.000002,0.00
2025-12-06,Cloud Run,152E-C115-5142,0.32,0.00,-0.32,0.000000,0.00
2025-12-05,Cloud Storage,95FF-2EF5-5EA1,0.00,0.00,0.00,0.000002,0.00
2025-12-05,Cloud Run,152E-C115-5142,0.32,0.00,-0.32,0.000000,0.00
2025-12-04,Cloud Storage,95FF-2EF5-5EA1,0.00,0.00,0.00,0.000002,0.00
2025-12-04,Cloud Run,152E-C115-5142,0.32,0.00,-0.32,0.000000,0.00
2025-12-03,Cloud Storage,95FF-2EF5-5EA1,0.00,0.00,0.00,0.000002,0.00
2025-12-03,Cloud Run,152E-C115-5142,0.32,0.00,-0.32,0.000000,0.00
2025-12-02,Cloud Storage,95FF-2EF5-5EA1,0.00,0.00,0.00,0.000002,0.00
2025-12-02,Cloud Run,152E-C115-5142,0.32,0.00,-0.32,0.000000,0.00
2025-12-01,Cloud Storage,95FF-2EF5-5EA1,0.00,0.00,0.00,0.000002,0.00
2025-12-01,Cloud Run,152E-C115-5142,0.32,0.00,-0.32,0.000000,0.00
,,,,Subtotal,47.355304,47.36
,,,,Tax,0.000000,0.00
,,,,Filtered total,47.355304,47.36
